Data as of,State,County Name,Urban Rural Code,FIPS State,FIPS County,FIPS Code,Indicator,All Deaths Total,COVID-19 Deaths Total,Non-Hispanic White,Non-Hispanic Black,Non-Hispanic American Indian or Alaska Native,Non-Hispanic Asian,Other,Hispanic,Urban Rural Description,Footnote
07/08/2020,AL,Jefferson County,1,1,73,1073,Distribution of all-cause deaths (%),4028,191,0.63,0.351,0,0.005,0.003,0.011,Large central metro,Data based on counts less than 10 suppressed
07/08/2020,AL,Jefferson County,1,1,73,1073,Distribution of COVID-19 deaths (%),4028,191,0.539,0.435,0,0,0,0,Large central metro,Data based on counts less than 10 suppressed
07/08/2020,AL,Jefferson County,1,1,73,1073,Distribution of population (%),4028,191,0.497,0.431,0.002,0.018,0.012,0.04,Large central metro,
07/08/2020,AL,Mobile County,3,1,97,1097,Distribution of all-cause deaths (%),2198,174,0.661,0.317,0.007,0.007,0,0.005,Medium metro,Data based on counts less than 10 suppressed
07/08/2020,AL,Mobile County,3,1,97,1097,Distribution of COVID-19 deaths (%),2198,174,0.448,0.523,0,0,0,0,Medium metro,Data based on counts less than 10 suppressed
07/08/2020,AL,Mobile County,3,1,97,1097,Distribution of population (%),2198,174,0.567,0.357,0.009,0.02,0.015,0.031,Medium metro,
07/08/2020,AL,Montgomery County,3,1,101,1101,Distribution of all-cause deaths (%),1296,132,0.484,0.502,0,0,0,0,Medium metro,Data based on counts less than 10 suppressed
07/08/2020,AL,Montgomery County,3,1,101,1101,Distribution of COVID-19 deaths (%),1296,132,0.303,0.674,0,0,0,0,Medium metro,Data based on counts less than 10 suppressed
07/08/2020,AL,Montgomery County,3,1,101,1101,Distribution of population (%),1296,132,0.333,0.585,0.002,0.032,0.013,0.035,Medium metro,
07/08/2020,AZ,Coconino County,4,4,5,4005,Distribution of all-cause deaths (%),556,101,0.457,0,0.428,0,0,0.086,Small metro,Data based on counts less than 10 suppressed
07/08/2020,AZ,Coconino County,4,4,5,4005,Distribution of COVID-19 deaths (%),556,101,0,0,0.901,0,0,0,Small metro,Data based on counts less than 10 suppressed
07/08/2020,AZ,Coconino County,4,4,5,4005,Distribution of population (%),556,101,0.54,0.013,0.26,0.019,0.026,0.143,Small metro,
07/08/2020,AZ,Maricopa County,1,4,13,4013,Distribution of all-cause deaths (%),17064,770,0.741,0.048,0.029,0.015,0.024,0.143,Large central metro,
07/08/2020,AZ,Maricopa County,1,4,13,4013,Distribution of COVID-19 deaths (%),17064,770,0.532,0.043,0.174,0.014,0.027,0.209,Large central metro,
07/08/2020,AZ,Maricopa County,1,4,13,4013,Distribution of population (%),17064,770,0.549,0.055,0.017,0.043,0.024,0.313,Large central metro,
07/08/2020,AZ,Pima County,3,4,19,4019,Distribution of all-cause deaths (%),5216,287,0.708,0.027,0.022,0.011,0.016,0.216,Medium metro,
07/08/2020,AZ,Pima County,3,4,19,4019,Distribution of COVID-19 deaths (%),5216,287,0.498,0,0.056,0,0,0.383,Medium metro,Data based on counts less than 10 suppressed
07/08/2020,AZ,Pima County,3,4,19,4019,Distribution of population (%),5216,287,0.514,0.034,0.024,0.031,0.021,0.376,Medium metro,
07/08/2020,CA,Alameda County,1,6,1,6001,Distribution of all-cause deaths (%),4601,137,0.468,0.189,0.003,0.19,0.023,0.126,Large central metro,
07/08/2020,CA,Alameda County,1,6,1,6001,Distribution of COVID-19 deaths (%),4601,137,0.277,0.219,0,0.182,0,0.292,Large central metro,Data based on counts less than 10 suppressed
07/08/2020,CA,Alameda County,1,6,1,6001,Distribution of population (%),4601,137,0.311,0.103,0.003,0.311,0.049,0.224,Large central metro,
07/08/2020,CA,Los Angeles County,1,6,37,6037,Distribution of all-cause deaths (%),31648,2791,0.416,0.129,0.002,0.137,0.013,0.302,Large central metro,
07/08/2020,CA,Los Angeles County,1,6,37,6037,Distribution of COVID-19 deaths (%),31648,2791,0.264,0.117,0,0.172,0.008,0.437,Large central metro,Data based on counts less than 10 suppressed
07/08/2020,CA,Los Angeles County,1,6,37,6037,Distribution of population (%),31648,2791,0.261,0.08,0.002,0.147,0.023,0.486,Large central metro,
07/08/2020,CA,Orange County,1,6,59,6059,Distribution of all-cause deaths (%),9204,349,0.619,0.019,0.003,0.167,0.011,0.182,Large central metro,
07/08/2020,CA,Orange County,1,6,59,6059,Distribution of COVID-19 deaths (%),9204,349,0.341,0.029,0,0.223,0,0.384,Large central metro,Data based on counts less than 10 suppressed
07/08/2020,CA,Orange County,1,6,59,6059,Distribution of population (%),9204,349,0.401,0.016,0.002,0.209,0.03,0.342,Large central metro,
07/08/2020,CA,Riverside County,1,6,65,6065,Distribution of all-cause deaths (%),7882,438,0.618,0.075,0.005,0.041,0.016,0.245,Large central metro,
07/08/2020,CA,Riverside County,1,6,65,6065,Distribution of COVID-19 deaths (%),7882,438,0.37,0.073,0,0.053,0,0.489,Large central metro,Data based on counts less than 10 suppressed
07/08/2020,CA,Riverside County,1,6,65,6065,Distribution of population (%),7882,438,0.347,0.062,0.005,0.065,0.026,0.496,Large central metro,
07/08/2020,CA,San Bernardino County,2,6,71,6071,Distribution of all-cause deaths (%),6695,268,0.498,0.112,0.005,0.053,0.015,0.317,Large fringe metro,
07/08/2020,CA,San Bernardino County,2,6,71,6071,Distribution of COVID-19 deaths (%),6695,268,0.351,0.097,0,0.082,0,0.455,Large fringe metro,Data based on counts less than 10 suppressed
07/08/2020,CA,San Bernardino County,2,6,71,6071,Distribution of population (%),6695,268,0.279,0.081,0.004,0.071,0.024,0.54,Large fringe metro,
07/08/2020,CA,San Diego County,1,6,73,6073,Distribution of all-cause deaths (%),10187,416,0.634,0.052,0.003,0.085,0.021,0.205,Large central metro,
07/08/2020,CA,San Diego County,1,6,73,6073,Distribution of COVID-19 deaths (%),10187,416,0.332,0.031,0,0.106,0,0.514,Large central metro,Data based on counts less than 10 suppressed
07/08/2020,CA,San Diego County,1,6,73,6073,Distribution of population (%),10187,416,0.452,0.047,0.004,0.12,0.038,0.34,Large central metro,
07/08/2020,CA,San Mateo County,2,6,81,6081,Distribution of all-cause deaths (%),2089,107,0.584,0.037,0,0.225,0.02,0.134,Large fringe metro,Data based on counts less than 10 suppressed
07/08/2020,CA,San Mateo County,2,6,81,6081,Distribution of COVID-19 deaths (%),2089,107,0.533,0,0,0.215,0,0.196,Large fringe metro,Data based on counts less than 10 suppressed
07/08/2020,CA,San Mateo County,2,6,81,6081,Distribution of population (%),2089,107,0.389,0.023,0.001,0.294,0.05,0.243,Large fringe metro,
07/08/2020,CA,Santa Clara County,1,6,85,6085,Distribution of all-cause deaths (%),4907,147,0.522,0.033,0.002,0.241,0.019,0.183,Large central metro,
07/08/2020,CA,Santa Clara County,1,6,85,6085,Distribution of COVID-19 deaths (%),4907,147,0.286,0,0,0.34,0,0.313,Large central metro,Data based on counts less than 10 suppressed
07/08/2020,CA,Santa Clara County,1,6,85,6085,Distribution of population (%),4907,147,0.31,0.024,0.002,0.377,0.034,0.253,Large central metro,
07/08/2020,CA,Tulare County,3,6,107,6107,Distribution of all-cause deaths (%),1393,104,0.577,0.013,0.017,0.032,0,0.356,Medium metro,Data based on counts less than 10 suppressed
07/08/2020,CA,Tulare County,3,6,107,6107,Distribution of COVID-19 deaths (%),1393,104,0.442,0,0,0,0,0.5,Medium metro,Data based on counts less than 10 suppressed
07/08/2020,CA,Tulare County,3,6,107,6107,Distribution of population (%),1393,104,0.281,0.012,0.007,0.033,0.015,0.652,Medium metro,
07/08/2020,CO,Adams County,2,8,1,8001,Distribution of all-cause deaths (%),1685,212,0.617,0.075,0.008,0.033,0.014,0.253,Large fringe metro,
07/08/2020,CO,Adams County,2,8,1,8001,Distribution of COVID-19 deaths (%),1685,212,0.34,0.118,0,0.047,0,0.472,Large fringe metro,Data based on counts less than 10 suppressed
07/08/2020,CO,Adams County,2,8,1,8001,Distribution of population (%),1685,212,0.496,0.032,0.006,0.041,0.021,0.404,Large fringe metro,
07/08/2020,CO,Arapahoe County,2,8,5,8005,Distribution of all-cause deaths (%),2279,348,0.777,0.083,0.004,0.032,0.01,0.093,Large fringe metro,
07/08/2020,CO,Arapahoe County,2,8,5,8005,Distribution of COVID-19 deaths (%),2279,348,0.69,0.092,0,0.057,0,0.138,Large fringe metro,Data based on counts less than 10 suppressed
07/08/2020,CO,Arapahoe County,2,8,5,8005,Distribution of population (%),2279,348,0.599,0.105,0.004,0.063,0.034,0.195,Large fringe metro,
07/08/2020,CO,Denver County,1,8,31,8031,Distribution of all-cause deaths (%),2535,276,0.617,0.122,0.009,0.028,0.016,0.209,Large central metro,
07/08/2020,CO,Denver County,1,8,31,8031,Distribution of COVID-19 deaths (%),2535,276,0.504,0.174,0,0.04,0,0.257,Large central metro,Data based on counts less than 10 suppressed
07/08/2020,CO,Denver County,1,8,31,8031,Distribution of population (%),2535,276,0.545,0.089,0.005,0.039,0.025,0.297,Large central metro,
07/08/2020,CO,El Paso County,3,8,41,8041,Distribution of all-cause deaths (%),2293,106,0.79,0.065,0.006,0.016,0.023,0.1,Medium metro,
07/08/2020,CO,El Paso County,3,8,41,8041,Distribution of COVID-19 deaths (%),2293,106,0.755,0.104,0,0,0,0.123,Medium metro,Data based on counts less than 10 suppressed
07/08/2020,CO,El Paso County,3,8,41,8041,Distribution of population (%),2293,106,0.689,0.061,0.006,0.029,0.041,0.175,Medium metro,
07/08/2020,CO,Jefferson County,2,8,59,8059,Distribution of all-cause deaths (%),2286,191,0.837,0.014,0,0.012,0.008,0.126,Large fringe metro,Data based on counts less than 10 suppressed
07/08/2020,CO,Jefferson County,2,8,59,8059,Distribution of COVID-19 deaths (%),2286,191,0.723,0,0,0,0,0.225,Large fringe metro,Data based on counts less than 10 suppressed
07/08/2020,CO,Jefferson County,2,8,59,8059,Distribution of population (%),2286,191,0.78,0.011,0.005,0.029,0.019,0.155,Large fringe metro,
07/08/2020,CO,Weld County,3,8,123,8123,Distribution of all-cause deaths (%),781,109,0.778,0,0,0,0,0.204,Medium metro,Data based on counts less than 10 suppressed
07/08/2020,CO,Weld County,3,8,123,8123,Distribution of COVID-19 deaths (%),781,109,0.633,0,0,0,0,0.321,Medium metro,Data based on counts less than 10 suppressed
07/08/2020,CO,Weld County,3,8,123,8123,Distribution of population (%),781,109,0.654,0.012,0.005,0.016,0.016,0.296,Medium metro,
07/08/2020,CT,Fairfield County,3,9,1,9001,Distribution of all-cause deaths (%),3187,1212,0.776,0.108,0,0.019,0.003,0.093,Medium metro,Data based on counts less than 10 suppressed
07/08/2020,CT,Fairfield County,3,9,1,9001,Distribution of COVID-19 deaths (%),3187,1212,0.715,0.145,0,0.022,0,0.113,Medium metro,Data based on counts less than 10 suppressed
07/08/2020,CT,Fairfield County,3,9,1,9001,Distribution of population (%),3187,1212,0.615,0.11,0.001,0.057,0.015,0.202,Medium metro,
07/08/2020,CT,Hartford County,1,9,3,9003,Distribution of all-cause deaths (%),3690,1158,0.779,0.125,0,0.014,0,0.08,Large central metro,Data based on counts less than 10 suppressed
07/08/2020,CT,Hartford County,1,9,3,9003,Distribution of COVID-19 deaths (%),3690,1158,0.712,0.176,0,0,0,0.099,Large central metro,Data based on counts less than 10 suppressed
07/08/2020,CT,Hartford County,1,9,3,9003,Distribution of population (%),3690,1158,0.606,0.132,0.002,0.057,0.018,0.185,Large central metro,
07/08/2020,CT,Litchfield County,5,9,5,9005,Distribution of all-cause deaths (%),559,106,0.955,0,0,0,0,0.02,Micropolitan,Data based on counts less than 10 suppressed
07/08/2020,CT,Litchfield County,5,9,5,9005,Distribution of COVID-19 deaths (%),559,106,0.906,0,0,0,0,0,Micropolitan,Data based on counts less than 10 suppressed
07/08/2020,CT,Litchfield County,5,9,5,9005,Distribution of population (%),559,106,0.881,0.016,0.002,0.02,0.014,0.067,Micropolitan,
07/08/2020,CT,Middlesex County,2,9,7,9007,Distribution of all-cause deaths (%),557,137,0.932,0.043,0,0,0,0,Large fringe metro,Data based on counts less than 10 suppressed
07/08/2020,CT,Middlesex County,2,9,7,9007,Distribution of COVID-19 deaths (%),557,137,0.898,0,0,0,0,0,Large fringe metro,Data based on counts less than 10 suppressed
07/08/2020,CT,Middlesex County,2,9,7,9007,Distribution of population (%),557,137,0.837,0.048,0.002,0.031,0.018,0.064,Large fringe metro,
07/08/2020,CT,New Haven County,3,9,9,9009,Distribution of all-cause deaths (%),3347,886,0.797,0.119,0,0.01,0,0.072,Medium metro,Data based on counts less than 10 suppressed
07/08/2020,CT,New Haven County,3,9,9,9009,Distribution of COVID-19 deaths (%),3347,886,0.721,0.182,0,0,0,0.085,Medium metro,Data based on counts less than 10 suppressed
07/08/2020,CT,New Haven County,3,9,9,9009,Distribution of population (%),3347,886,0.623,0.128,0.002,0.042,0.018,0.186,Medium metro,
07/08/2020,DC,District of Columbia,1,11,1,11001,Distribution of all-cause deaths (%),3165,562,0.208,0.711,0,0.022,0.004,0.054,Large central metro,Data based on counts less than 10 suppressed
07/08/2020,DC,District of Columbia,1,11,1,11001,Distribution of COVID-19 deaths (%),3165,562,0.119,0.726,0,0.018,0,0.132,Large central metro,Data based on counts less than 10 suppressed
07/08/2020,DC,District of Columbia,1,11,1,11001,Distribution of population (%),3165,562,0.371,0.449,0.002,0.043,0.023,0.113,Large central metro,
07/08/2020,DE,New Castle County,2,10,3,10003,Distribution of all-cause deaths (%),2215,236,0.76,0.195,0,0.014,0,0.028,Large fringe metro,Data based on counts less than 10 suppressed
07/08/2020,DE,New Castle County,2,10,3,10003,Distribution of COVID-19 deaths (%),2215,236,0.758,0.212,0,0,0,0,Large fringe metro,Data based on counts less than 10 suppressed
07/08/2020,DE,New Castle County,2,10,3,10003,Distribution of population (%),2215,236,0.568,0.249,0.002,0.057,0.022,0.103,Large fringe metro,
07/08/2020,DE,Sussex County,3,10,5,10005,Distribution of all-cause deaths (%),1195,164,0.851,0.112,0,0.008,0,0.022,Medium metro,Data based on counts less than 10 suppressed
07/08/2020,DE,Sussex County,3,10,5,10005,Distribution of COVID-19 deaths (%),1195,164,0.695,0.207,0,0,0,0.079,Medium metro,Data based on counts less than 10 suppressed
07/08/2020,DE,Sussex County,3,10,5,10005,Distribution of population (%),1195,164,0.753,0.118,0.004,0.013,0.019,0.093,Medium metro,
07/08/2020,FL,Broward County,2,12,11,12011,Distribution of all-cause deaths (%),7043,391,0.58,0.231,0,0.021,0.007,0.16,Large fringe metro,Data based on counts less than 10 suppressed
07/08/2020,FL,Broward County,2,12,11,12011,Distribution of COVID-19 deaths (%),7043,391,0.43,0.379,0,0.041,0,0.141,Large fringe metro,Data based on counts less than 10 suppressed
07/08/2020,FL,Broward County,2,12,11,12011,Distribution of population (%),7043,391,0.356,0.283,0.002,0.037,0.017,0.304,Large fringe metro,
07/08/2020,FL,Hillsborough County,1,12,57,12057,Distribution of all-cause deaths (%),5403,117,0.655,0.148,0,0.016,0.006,0.174,Large central metro,Data based on counts less than 10 suppressed
07/08/2020,FL,Hillsborough County,1,12,57,12057,Distribution of COVID-19 deaths (%),5403,117,0.538,0.256,0,0,0,0.188,Large central metro,Data based on counts less than 10 suppressed
07/08/2020,FL,Hillsborough County,1,12,57,12057,Distribution of population (%),5403,117,0.482,0.159,0.002,0.043,0.021,0.292,Large central metro,
07/08/2020,FL,Lee County,3,12,71,12071,Distribution of all-cause deaths (%),3516,137,0.852,0.052,0,0.009,0,0.083,Medium metro,Data based on counts less than 10 suppressed
07/08/2020,FL,Lee County,3,12,71,12071,Distribution of COVID-19 deaths (%),3516,137,0.788,0.102,0,0,0,0.102,Medium metro,Data based on counts less than 10 suppressed
07/08/2020,FL,Lee County,3,12,71,12071,Distribution of population (%),3516,137,0.668,0.081,0.002,0.017,0.013,0.219,Medium metro,
07/08/2020,FL,Manatee County,3,12,81,12081,Distribution of all-cause deaths (%),2060,144,0.862,0.08,0,0,0,0.053,Medium metro,Data based on counts less than 10 suppressed
07/08/2020,FL,Manatee County,3,12,81,12081,Distribution of COVID-19 deaths (%),2060,144,0.722,0.201,0,0,0,0.069,Medium metro,Data based on counts less than 10 suppressed
07/08/2020,FL,Manatee County,3,12,81,12081,Distribution of population (%),2060,144,0.709,0.084,0.002,0.022,0.015,0.167,Medium metro,
07/08/2020,FL,Miami-Dade County,1,12,86,12086,Distribution of all-cause deaths (%),9957,831,0.187,0.182,0,0.01,0.003,0.617,Large central metro,Data based on counts less than 10 suppressed
07/08/2020,FL,Miami-Dade County,1,12,86,12086,Distribution of COVID-19 deaths (%),9957,831,0.142,0.23,0,0.017,0,0.605,Large central metro,Data based on counts less than 10 suppressed
07/08/2020,FL,Miami-Dade County,1,12,86,12086,Distribution of population (%),9957,831,0.13,0.156,0.001,0.015,0.007,0.691,Large central metro,
07/08/2020,FL,Palm Beach County,2,12,99,12099,Distribution of all-cause deaths (%),7442,449,0.77,0.121,0,0.008,0.003,0.098,Large fringe metro,Data based on counts less than 10 suppressed
07/08/2020,FL,Palm Beach County,2,12,99,12099,Distribution of COVID-19 deaths (%),7442,449,0.621,0.209,0,0,0,0.165,Large fringe metro,Data based on counts less than 10 suppressed
07/08/2020,FL,Palm Beach County,2,12,99,12099,Distribution of population (%),7442,449,0.541,0.186,0.002,0.028,0.014,0.229,Large fringe metro,
07/08/2020,FL,Pinellas County,1,12,103,12103,Distribution of all-cause deaths (%),5609,123,0.871,0.072,0,0.012,0.004,0.04,Large central metro,Data based on counts less than 10 suppressed
07/08/2020,FL,Pinellas County,1,12,103,12103,Distribution of COVID-19 deaths (%),5609,123,0.837,0,0,0,0,0,Large central metro,Data based on counts less than 10 suppressed
07/08/2020,FL,Pinellas County,1,12,103,12103,Distribution of population (%),5609,123,0.738,0.105,0.002,0.035,0.02,0.1,Large central metro,
07/08/2020,GA,Cobb County,2,13,67,13067,Distribution of all-cause deaths (%),2334,197,0.745,0.204,0,0.014,0,0.033,Large fringe metro,Data based on counts less than 10 suppressed
07/08/2020,GA,Cobb County,2,13,67,13067,Distribution of COVID-19 deaths (%),2334,197,0.574,0.34,0,0,0,0.076,Large fringe metro,Data based on counts less than 10 suppressed
07/08/2020,GA,Cobb County,2,13,67,13067,Distribution of population (%),2334,197,0.515,0.275,0.002,0.055,0.022,0.132,Large fringe metro,
07/08/2020,GA,DeKalb County,2,13,89,13089,Distribution of all-cause deaths (%),2065,128,0.419,0.518,0,0.03,0,0.029,Large fringe metro,Data based on counts less than 10 suppressed
07/08/2020,GA,DeKalb County,2,13,89,13089,Distribution of COVID-19 deaths (%),2065,128,0.352,0.547,0,0,0,0,Large fringe metro,Data based on counts less than 10 suppressed
07/08/2020,GA,DeKalb County,2,13,89,13089,Distribution of population (%),2065,128,0.292,0.537,0.002,0.065,0.019,0.086,Large fringe metro,
07/08/2020,GA,Dougherty County,4,13,95,13095,Distribution of all-cause deaths (%),668,141,0.427,0.567,0,0,0,0,Small metro,Data based on counts less than 10 suppressed
07/08/2020,GA,Dougherty County,4,13,95,13095,Distribution of COVID-19 deaths (%),668,141,0.234,0.766,0,0,0,0,Small metro,Data based on counts less than 10 suppressed
07/08/2020,GA,Dougherty County,4,13,95,13095,Distribution of population (%),668,141,0.244,0.703,0.002,0.01,0.012,0.029,Small metro,
07/08/2020,GA,Fulton County,1,13,121,13121,Distribution of all-cause deaths (%),3748,279,0.442,0.503,0,0.018,0,0.034,Large central metro,Data based on counts less than 10 suppressed
07/08/2020,GA,Fulton County,1,13,121,13121,Distribution of COVID-19 deaths (%),3748,279,0.251,0.67,0,0,0,0.057,Large central metro,Data based on counts less than 10 suppressed
07/08/2020,GA,Fulton County,1,13,121,13121,Distribution of population (%),3748,279,0.397,0.436,0.001,0.074,0.019,0.073,Large central metro,
07/08/2020,GA,Gwinnett County,2,13,135,13135,Distribution of all-cause deaths (%),1753,119,0.625,0.208,0,0.095,0,0.069,Large fringe metro,Data based on counts less than 10 suppressed
07/08/2020,GA,Gwinnett County,2,13,135,13135,Distribution of COVID-19 deaths (%),1753,119,0.496,0.227,0,0.101,0,0.168,Large fringe metro,Data based on counts less than 10 suppressed
07/08/2020,GA,Gwinnett County,2,13,135,13135,Distribution of population (%),1753,119,0.363,0.276,0.002,0.122,0.023,0.215,Large fringe metro,
07/08/2020,IA,Polk County,3,19,153,19153,Distribution of all-cause deaths (%),2197,195,0.902,0.048,0,0.019,0,0.024,Medium metro,Data based on counts less than 10 suppressed
07/08/2020,IA,Polk County,3,19,153,19153,Distribution of COVID-19 deaths (%),2197,195,0.805,0.072,0,0,0,0.072,Medium metro,Data based on counts less than 10 suppressed
07/08/2020,IA,Polk County,3,19,153,19153,Distribution of population (%),2197,195,0.772,0.069,0.002,0.05,0.022,0.085,Medium metro,
07/08/2020,IL,Cook County,1,17,31,17031,Distribution of all-cause deaths (%),23030,4193,0.49,0.326,0.001,0.044,0.008,0.131,Large central metro,
07/08/2020,IL,Cook County,1,17,31,17031,Distribution of COVID-19 deaths (%),23030,4193,0.34,0.334,0,0.06,0.007,0.257,Large central metro,Data based on counts less than 10 suppressed
07/08/2020,IL,Cook County,1,17,31,17031,Distribution of population (%),23030,4193,0.421,0.23,0.001,0.077,0.015,0.255,Large central metro,
07/08/2020,IL,DuPage County,2,17,43,17043,Distribution of all-cause deaths (%),3531,420,0.814,0.07,0,0.054,0.003,0.059,Large fringe metro,Data based on counts less than 10 suppressed
07/08/2020,IL,DuPage County,2,17,43,17043,Distribution of COVID-19 deaths (%),3531,420,0.729,0.102,0,0.057,0,0.105,Large fringe metro,Data based on counts less than 10 suppressed
07/08/2020,IL,DuPage County,2,17,43,17043,Distribution of population (%),3531,420,0.663,0.049,0.001,0.125,0.017,0.145,Large fringe metro,
07/08/2020,IL,Kane County,2,17,89,17089,Distribution of all-cause deaths (%),1709,223,0.769,0.066,0,0.024,0.006,0.135,Large fringe metro,Data based on counts less than 10 suppressed
07/08/2020,IL,Kane County,2,17,89,17089,Distribution of COVID-19 deaths (%),1709,223,0.583,0.054,0,0,0,0.323,Large fringe metro,Data based on counts less than 10 suppressed
07/08/2020,IL,Kane County,2,17,89,17089,Distribution of population (%),1709,223,0.568,0.053,0.001,0.042,0.014,0.322,Large fringe metro,
07/08/2020,IL,Lake County,2,17,97,17097,Distribution of all-cause deaths (%),2743,315,0.797,0.079,0,0.034,0.004,0.086,Large fringe metro,Data based on counts less than 10 suppressed
07/08/2020,IL,Lake County,2,17,97,17097,Distribution of COVID-19 deaths (%),2743,315,0.635,0.111,0,0.032,0,0.219,Large fringe metro,Data based on counts less than 10 suppressed
07/08/2020,IL,Lake County,2,17,97,17097,Distribution of population (%),2743,315,0.61,0.068,0.001,0.081,0.017,0.222,Large fringe metro,
07/08/2020,IL,St. Clair County,2,17,163,17163,Distribution of all-cause deaths (%),1235,109,0.711,0.277,0,0,0,0,Large fringe metro,Data based on counts less than 10 suppressed
07/08/2020,IL,St. Clair County,2,17,163,17163,Distribution of COVID-19 deaths (%),1235,109,0.67,0.312,0,0,0,0,Large fringe metro,Data based on counts less than 10 suppressed
07/08/2020,IL,St. Clair County,2,17,163,17163,Distribution of population (%),1235,109,0.615,0.303,0.003,0.015,0.023,0.042,Large fringe metro,
07/08/2020,IL,Will County,2,17,197,17197,Distribution of all-cause deaths (%),2238,255,0.788,0.122,0,0.022,0.004,0.063,Large fringe metro,Data based on counts less than 10 suppressed
07/08/2020,IL,Will County,2,17,197,17197,Distribution of COVID-19 deaths (%),2238,255,0.557,0.255,0,0.039,0,0.149,Large fringe metro,Data based on counts less than 10 suppressed
07/08/2020,IL,Will County,2,17,197,17197,Distribution of population (%),2238,255,0.63,0.116,0.001,0.058,0.016,0.178,Large fringe metro,
07/08/2020,IL,Winnebago County,3,17,201,17201,Distribution of all-cause deaths (%),1543,107,0.828,0.118,0,0.01,0,0.04,Medium metro,Data based on counts less than 10 suppressed
07/08/2020,IL,Winnebago County,3,17,201,17201,Distribution of COVID-19 deaths (%),1543,107,0.673,0.224,0,0,0,0,Medium metro,Data based on counts less than 10 suppressed
07/08/2020,IL,Winnebago County,3,17,201,17201,Distribution of population (%),1543,107,0.685,0.13,0.002,0.028,0.024,0.131,Medium metro,
07/08/2020,IN,Allen County,3,18,3,18003,Distribution of all-cause deaths (%),1934,126,0.872,0.093,0,0.011,0,0.023,Medium metro,Data based on counts less than 10 suppressed
07/08/2020,IN,Allen County,3,18,3,18003,Distribution of COVID-19 deaths (%),1934,126,0.802,0.119,0,0,0,0,Medium metro,Data based on counts less than 10 suppressed
07/08/2020,IN,Allen County,3,18,3,18003,Distribution of population (%),1934,126,0.735,0.116,0.003,0.043,0.028,0.076,Medium metro,
07/08/2020,IN,Hendricks County,2,18,63,18063,Distribution of all-cause deaths (%),722,117,0.913,0.066,0,0,0,0,Large fringe metro,Data based on counts less than 10 suppressed
07/08/2020,IN,Hendricks County,2,18,63,18063,Distribution of COVID-19 deaths (%),722,117,0.855,0.128,0,0,0,0,Large fringe metro,Data based on counts less than 10 suppressed
07/08/2020,IN,Hendricks County,2,18,63,18063,Distribution of population (%),722,117,0.838,0.072,0.002,0.029,0.019,0.04,Large fringe metro,
07/08/2020,IN,Lake County,2,18,89,18089,Distribution of all-cause deaths (%),2875,305,0.633,0.276,0,0.007,0,0.082,Large fringe metro,Data based on counts less than 10 suppressed
07/08/2020,IN,Lake County,2,18,89,18089,Distribution of COVID-19 deaths (%),2875,305,0.495,0.416,0,0,0,0.085,Large fringe metro,Data based on counts less than 10 suppressed
07/08/2020,IN,Lake County,2,18,89,18089,Distribution of population (%),2875,305,0.54,0.234,0.002,0.016,0.015,0.194,Large fringe metro,
07/08/2020,IN,Marion County,1,18,97,18097,Distribution of all-cause deaths (%),4981,778,0.727,0.234,0,0.009,0.004,0.024,Large central metro,Data based on counts less than 10 suppressed
07/08/2020,IN,Marion County,1,18,97,18097,Distribution of COVID-19 deaths (%),4981,778,0.596,0.343,0,0,0,0.045,Large central metro,Data based on counts less than 10 suppressed
07/08/2020,IN,Marion County,1,18,97,18097,Distribution of population (%),4981,778,0.548,0.282,0.002,0.036,0.026,0.106,Large central metro,
07/08/2020,KY,Jefferson County,1,21,111,21111,Distribution of all-cause deaths (%),4283,232,0.805,0.174,0,0.011,0,0.009,Large central metro,Data based on counts less than 10 suppressed
07/08/2020,KY,Jefferson County,1,21,111,21111,Distribution of COVID-19 deaths (%),4283,232,0.664,0.259,0,0,0,0,Large central metro,Data based on counts less than 10 suppressed
07/08/2020,KY,Jefferson County,1,21,111,21111,Distribution of population (%),4283,232,0.67,0.218,0.001,0.03,0.024,0.057,Large central metro,
07/08/2020,LA,Caddo Parish,3,22,17,22017,Distribution of all-cause deaths (%),1663,259,0.544,0.446,0,0,0,0,Medium metro,Data based on counts less than 10 suppressed
07/08/2020,LA,Caddo Parish,3,22,17,22017,Distribution of COVID-19 deaths (%),1663,259,0.324,0.676,0,0,0,0,Medium metro,Data based on counts less than 10 suppressed
07/08/2020,LA,Caddo Parish,3,22,17,22017,Distribution of population (%),1663,259,0.446,0.494,0.004,0.012,0.015,0.029,Medium metro,
07/08/2020,LA,East Baton Rouge Parish,3,22,33,22033,Distribution of all-cause deaths (%),2586,395,0.537,0.436,0,0.009,0,0.017,Medium metro,Data based on counts less than 10 suppressed
07/08/2020,LA,East Baton Rouge Parish,3,22,33,22033,Distribution of COVID-19 deaths (%),2586,395,0.387,0.582,0,0,0,0,Medium metro,Data based on counts less than 10 suppressed
07/08/2020,LA,East Baton Rouge Parish,3,22,33,22033,Distribution of population (%),2586,395,0.444,0.465,0.002,0.033,0.013,0.042,Medium metro,
07/08/2020,LA,Jefferson Parish,2,22,51,22051,Distribution of all-cause deaths (%),2716,626,0.588,0.331,0,0.017,0,0.06,Large fringe metro,Data based on counts less than 10 suppressed
07/08/2020,LA,Jefferson Parish,2,22,51,22051,Distribution of COVID-19 deaths (%),2716,626,0.377,0.545,0,0,0,0.065,Large fringe metro,Data based on counts less than 10 suppressed
07/08/2020,LA,Jefferson Parish,2,22,51,22051,Distribution of population (%),2716,626,0.523,0.268,0.004,0.041,0.014,0.149,Large fringe metro,
07/08/2020,LA,Orleans Parish,1,22,71,22071,Distribution of all-cause deaths (%),1962,353,0.364,0.588,0,0.014,0,0.031,Large central metro,Data based on counts less than 10 suppressed
07/08/2020,LA,Orleans Parish,1,22,71,22071,Distribution of COVID-19 deaths (%),1962,353,0.224,0.745,0,0,0,0.028,Large central metro,Data based on counts less than 10 suppressed
07/08/2020,LA,Orleans Parish,1,22,71,22071,Distribution of population (%),1962,353,0.308,0.591,0.002,0.029,0.014,0.056,Large central metro,
07/08/2020,LA,St. Tammany Parish,2,22,103,22103,Distribution of all-cause deaths (%),1245,167,0.83,0.137,0,0,0,0.027,Large fringe metro,Data based on counts less than 10 suppressed
07/08/2020,LA,St. Tammany Parish,2,22,103,22103,Distribution of COVID-19 deaths (%),1245,167,0.671,0.293,0,0,0,0,Large fringe metro,Data based on counts less than 10 suppressed
07/08/2020,LA,St. Tammany Parish,2,22,103,22103,Distribution of population (%),1245,167,0.784,0.123,0.005,0.014,0.018,0.057,Large fringe metro,
07/08/2020,MA,Barnstable County,4,25,1,25001,Distribution of all-cause deaths (%),1307,120,0.957,0.02,0,0,0.013,0,Small metro,Data based on counts less than 10 suppressed
07/08/2020,MA,Barnstable County,4,25,1,25001,Distribution of COVID-19 deaths (%),1307,120,0.967,0,0,0,0,0,Small metro,Data based on counts less than 10 suppressed
07/08/2020,MA,Barnstable County,4,25,1,25001,Distribution of population (%),1307,120,0.898,0.031,0.006,0.015,0.018,0.032,Small metro,
07/08/2020,MA,Bristol County,2,25,5,25005,Distribution of all-cause deaths (%),2663,503,0.901,0.027,0,0.006,0.039,0.025,Large fringe metro,Data based on counts less than 10 suppressed
07/08/2020,MA,Bristol County,2,25,5,25005,Distribution of COVID-19 deaths (%),2663,503,0.875,0.044,0,0,0.04,0.03,Large fringe metro,Data based on counts less than 10 suppressed
07/08/2020,MA,Bristol County,2,25,5,25005,Distribution of population (%),2663,503,0.824,0.046,0.002,0.024,0.019,0.084,Large fringe metro,
07/08/2020,MA,Essex County,2,25,9,25009,Distribution of all-cause deaths (%),3959,915,0.892,0.018,0,0.013,0.004,0.072,Large fringe metro,Data based on counts less than 10 suppressed
07/08/2020,MA,Essex County,2,25,9,25009,Distribution of COVID-19 deaths (%),3959,915,0.845,0.027,0,0.011,0,0.113,Large fringe metro,Data based on counts less than 10 suppressed
07/08/2020,MA,Essex County,2,25,9,25009,Distribution of population (%),3959,915,0.695,0.034,0.001,0.037,0.014,0.219,Large fringe metro,
07/08/2020,MA,Hampden County,3,25,13,25013,Distribution of all-cause deaths (%),2883,604,0.794,0.072,0,0.011,0.008,0.114,Medium metro,Data based on counts less than 10 suppressed
07/08/2020,MA,Hampden County,3,25,13,25013,Distribution of COVID-19 deaths (%),2883,604,0.791,0.086,0,0,0,0.104,Medium metro,Data based on counts less than 10 suppressed
07/08/2020,MA,Hampden County,3,25,13,25013,Distribution of population (%),2883,604,0.617,0.077,0.001,0.026,0.017,0.261,Medium metro,
07/08/2020,MA,Middlesex County,2,25,17,25017,Distribution of all-cause deaths (%),6451,1703,0.884,0.042,0,0.039,0.007,0.027,Large fringe metro,Data based on counts less than 10 suppressed
07/08/2020,MA,Middlesex County,2,25,17,25017,Distribution of COVID-19 deaths (%),6451,1703,0.861,0.053,0,0.039,0.007,0.039,Large fringe metro,Data based on counts less than 10 suppressed
07/08/2020,MA,Middlesex County,2,25,17,25017,Distribution of population (%),6451,1703,0.716,0.052,0.001,0.127,0.021,0.083,Large fringe metro,
07/08/2020,MA,Norfolk County,2,25,21,25021,Distribution of all-cause deaths (%),3118,696,0.873,0.059,0,0.042,0.005,0.02,Large fringe metro,Data based on counts less than 10 suppressed
07/08/2020,MA,Norfolk County,2,25,21,25021,Distribution of COVID-19 deaths (%),3118,696,0.823,0.079,0,0.063,0,0.029,Large fringe metro,Data based on counts less than 10 suppressed
07/08/2020,MA,Norfolk County,2,25,21,25021,Distribution of population (%),3118,696,0.744,0.071,0.001,0.117,0.018,0.048,Large fringe metro,
07/08/2020,MA,Plymouth County,2,25,23,25023,Distribution of all-cause deaths (%),2493,542,0.881,0.094,0,0.004,0.006,0.015,Large fringe metro,Data based on counts less than 10 suppressed
07/08/2020,MA,Plymouth County,2,25,23,25023,Distribution of COVID-19 deaths (%),2493,542,0.806,0.159,0,0,0,0.024,Large fringe metro,Data based on counts less than 10 suppressed
07/08/2020,MA,Plymouth County,2,25,23,25023,Distribution of population (%),2493,542,0.817,0.106,0.002,0.015,0.019,0.041,Large fringe metro,
07/08/2020,MA,Suffolk County,1,25,25,25025,Distribution of all-cause deaths (%),4433,1151,0.651,0.185,0,0.055,0.01,0.098,Large central metro,Data based on counts less than 10 suppressed
07/08/2020,MA,Suffolk County,1,25,25,25025,Distribution of COVID-19 deaths (%),4433,1151,0.559,0.234,0,0.059,0.012,0.136,Large central metro,Data based on counts less than 10 suppressed
07/08/2020,MA,Suffolk County,1,25,25,25025,Distribution of population (%),4433,1151,0.449,0.203,0.002,0.091,0.021,0.234,Large central metro,
07/08/2020,MA,Worcester County,3,25,27,25027,Distribution of all-cause deaths (%),4099,886,0.873,0.027,0,0.014,0.038,0.048,Medium metro,Data based on counts less than 10 suppressed
07/08/2020,MA,Worcester County,3,25,27,25027,Distribution of COVID-19 deaths (%),4099,886,0.872,0.027,0,0.019,0.021,0.059,Medium metro,Data based on counts less than 10 suppressed
07/08/2020,MA,Worcester County,3,25,27,25027,Distribution of population (%),4099,886,0.761,0.047,0.002,0.053,0.018,0.119,Medium metro,
07/08/2020,MD,Anne Arundel County,2,24,3,24003,Distribution of all-cause deaths (%),2203,255,0.766,0.192,0,0.015,0,0.021,Large fringe metro,Data based on counts less than 10 suppressed
07/08/2020,MD,Anne Arundel County,2,24,3,24003,Distribution of COVID-19 deaths (%),2203,255,0.616,0.306,0,0,0,0.051,Large fringe metro,Data based on counts less than 10 suppressed
07/08/2020,MD,Anne Arundel County,2,24,3,24003,Distribution of population (%),2203,255,0.675,0.171,0.003,0.041,0.029,0.081,Large fringe metro,
07/08/2020,MD,Baltimore County,2,24,5,24005,Distribution of all-cause deaths (%),4166,468,0.687,0.282,0,0.014,0.003,0.013,Large fringe metro,Data based on counts less than 10 suppressed
07/08/2020,MD,Baltimore County,2,24,5,24005,Distribution of COVID-19 deaths (%),4166,468,0.451,0.479,0,0.028,0,0.038,Large fringe metro,Data based on counts less than 10 suppressed
07/08/2020,MD,Baltimore County,2,24,5,24005,Distribution of population (%),4166,468,0.566,0.29,0.003,0.063,0.023,0.057,Large fringe metro,
07/08/2020,MD,Carroll County,2,24,13,24013,Distribution of all-cause deaths (%),855,132,0.937,0.041,0,0,0,0.013,Large fringe metro,Data based on counts less than 10 suppressed
07/08/2020,MD,Carroll County,2,24,13,24013,Distribution of COVID-19 deaths (%),855,132,0.879,0.098,0,0,0,0,Large fringe metro,Data based on counts less than 10 suppressed
07/08/2020,MD,Carroll County,2,24,13,24013,Distribution of population (%),855,132,0.887,0.036,0.002,0.02,0.018,0.037,Large fringe metro,
07/08/2020,MD,Frederick County,2,24,21,24021,Distribution of all-cause deaths (%),987,119,0.855,0.085,0,0.022,0,0.035,Large fringe metro,Data based on counts less than 10 suppressed
07/08/2020,MD,Frederick County,2,24,21,24021,Distribution of COVID-19 deaths (%),987,119,0.773,0.168,0,0,0,0,Large fringe metro,Data based on counts less than 10 suppressed
07/08/2020,MD,Frederick County,2,24,21,24021,Distribution of population (%),987,119,0.727,0.096,0.002,0.047,0.027,0.102,Large fringe metro,
07/08/2020,MD,Montgomery County,2,24,31,24031,Distribution of all-cause deaths (%),4046,933,0.561,0.242,0,0.088,0.004,0.104,Large fringe metro,Data based on counts less than 10 suppressed
07/08/2020,MD,Montgomery County,2,24,31,24031,Distribution of COVID-19 deaths (%),4046,933,0.424,0.286,0,0.085,0,0.195,Large fringe metro,Data based on counts less than 10 suppressed
07/08/2020,MD,Montgomery County,2,24,31,24031,Distribution of population (%),4046,933,0.434,0.185,0.002,0.153,0.028,0.199,Large fringe metro,
07/08/2020,MD,Prince George's County,2,24,33,24033,Distribution of all-cause deaths (%),2868,468,0.208,0.698,0,0.026,0,0.064,Large fringe metro,Data based on counts less than 10 suppressed
07/08/2020,MD,Prince George's County,2,24,33,24033,Distribution of COVID-19 deaths (%),2868,468,0.128,0.699,0,0,0,0.154,Large fringe metro,Data based on counts less than 10 suppressed
07/08/2020,MD,Prince George's County,2,24,33,24033,Distribution of population (%),2868,468,0.125,0.619,0.002,0.043,0.02,0.191,Large fringe metro,
07/08/2020,MD,Baltimore city,1,24,510,24510,Distribution of all-cause deaths (%),4158,467,0.366,0.583,0,0.018,0.004,0.028,Large central metro,Data based on counts less than 10 suppressed
07/08/2020,MD,Baltimore city,1,24,510,24510,Distribution of COVID-19 deaths (%),4158,467,0.24,0.627,0,0.034,0,0.096,Large central metro,Data based on counts less than 10 suppressed
07/08/2020,MD,Baltimore city,1,24,510,24510,Distribution of population (%),4158,467,0.278,0.619,0.003,0.027,0.019,0.055,Large central metro,
07/08/2020,MI,Genesee County,3,26,49,26049,Distribution of all-cause deaths (%),2319,252,0.747,0.223,0,0,0.006,0.019,Medium metro,Data based on counts less than 10 suppressed
07/08/2020,MI,Genesee County,3,26,49,26049,Distribution of COVID-19 deaths (%),2319,252,0.536,0.421,0,0,0,0,Medium metro,Data based on counts less than 10 suppressed
07/08/2020,MI,Genesee County,3,26,49,26049,Distribution of population (%),2319,252,0.725,0.2,0.005,0.01,0.025,0.035,Medium metro,
07/08/2020,MI,Kent County,1,26,81,26081,Distribution of all-cause deaths (%),2640,130,0.84,0.097,0.004,0.009,0.009,0.041,Large central metro,
07/08/2020,MI,Kent County,1,26,81,26081,Distribution of COVID-19 deaths (%),2640,130,0.654,0.185,0,0,0,0.146,Large central metro,Data based on counts less than 10 suppressed
07/08/2020,MI,Kent County,1,26,81,26081,Distribution of population (%),2640,130,0.735,0.097,0.003,0.033,0.025,0.107,Large central metro,
07/08/2020,MI,Macomb County,2,26,99,26099,Distribution of all-cause deaths (%),4155,623,0.852,0.116,0,0.012,0.009,0.01,Large fringe metro,Data based on counts less than 10 suppressed
07/08/2020,MI,Macomb County,2,26,99,26099,Distribution of COVID-19 deaths (%),4155,623,0.689,0.258,0,0.021,0.019,0,Large fringe metro,Data based on counts less than 10 suppressed
07/08/2020,MI,Macomb County,2,26,99,26099,Distribution of population (%),4155,623,0.786,0.121,0.003,0.041,0.023,0.027,Large fringe metro,
07/08/2020,MI,Oakland County,2,26,125,26125,Distribution of all-cause deaths (%),6720,1201,0.743,0.219,0,0.017,0.006,0.014,Large fringe metro,Data based on counts less than 10 suppressed
07/08/2020,MI,Oakland County,2,26,125,26125,Distribution of COVID-19 deaths (%),6720,1201,0.572,0.387,0,0.017,0.01,0.012,Large fringe metro,Data based on counts less than 10 suppressed
07/08/2020,MI,Oakland County,2,26,125,26125,Distribution of population (%),6720,1201,0.717,0.138,0.002,0.08,0.021,0.042,Large fringe metro,
07/08/2020,MI,Saginaw County,4,26,145,26145,Distribution of all-cause deaths (%),1256,139,0.8,0.156,0,0,0,0.036,Small metro,Data based on counts less than 10 suppressed
07/08/2020,MI,Saginaw County,4,26,145,26145,Distribution of COVID-19 deaths (%),1256,139,0.763,0.151,0,0,0,0.079,Small metro,Data based on counts less than 10 suppressed
07/08/2020,MI,Saginaw County,4,26,145,26145,Distribution of population (%),1256,139,0.692,0.185,0.003,0.014,0.02,0.085,Small metro,
07/08/2020,MI,Washtenaw County,3,26,161,26161,Distribution of all-cause deaths (%),1829,230,0.798,0.155,0,0.02,0.008,0.017,Medium metro,Data based on counts less than 10 suppressed
07/08/2020,MI,Washtenaw County,3,26,161,26161,Distribution of COVID-19 deaths (%),1829,230,0.596,0.365,0,0,0,0,Medium metro,Data based on counts less than 10 suppressed
07/08/2020,MI,Washtenaw County,3,26,161,26161,Distribution of population (%),1829,230,0.7,0.12,0.003,0.096,0.032,0.048,Medium metro,
07/08/2020,MI,Wayne County,1,26,163,26163,Distribution of all-cause deaths (%),10260,2057,0.507,0.444,0.002,0.008,0.016,0.023,Large central metro,
07/08/2020,MI,Wayne County,1,26,163,26163,Distribution of COVID-19 deaths (%),10260,2057,0.335,0.609,0,0.007,0.025,0.022,Large central metro,Data based on counts less than 10 suppressed
07/08/2020,MI,Wayne County,1,26,163,26163,Distribution of population (%),10260,2057,0.495,0.383,0.003,0.035,0.023,0.061,Large central metro,
07/08/2020,MN,Anoka County,2,27,3,27003,Distribution of all-cause deaths (%),987,113,0.934,0.025,0.011,0.022,0,0,Large fringe metro,Data based on counts less than 10 suppressed
07/08/2020,MN,Anoka County,2,27,3,27003,Distribution of COVID-19 deaths (%),987,113,0.894,0,0,0,0,0,Large fringe metro,Data based on counts less than 10 suppressed
07/08/2020,MN,Anoka County,2,27,3,27003,Distribution of population (%),987,113,0.806,0.067,0.006,0.047,0.026,0.047,Large fringe metro,
07/08/2020,MN,Hennepin County,1,27,53,27053,Distribution of all-cause deaths (%),5159,715,0.845,0.089,0.016,0.026,0.008,0.015,Large central metro,
07/08/2020,MN,Hennepin County,1,27,53,27053,Distribution of COVID-19 deaths (%),5159,715,0.813,0.108,0.02,0.025,0,0.029,Large central metro,Data based on counts less than 10 suppressed
07/08/2020,MN,Hennepin County,1,27,53,27053,Distribution of population (%),5159,715,0.686,0.133,0.007,0.075,0.029,0.07,Large central metro,
07/08/2020,MN,Ramsey County,1,27,123,27123,Distribution of all-cause deaths (%),2440,267,0.82,0.073,0.012,0.059,0.007,0.029,Large central metro,
07/08/2020,MN,Ramsey County,1,27,123,27123,Distribution of COVID-19 deaths (%),2440,267,0.749,0.082,0,0.086,0,0.071,Large central metro,Data based on counts less than 10 suppressed
07/08/2020,MN,Ramsey County,1,27,123,27123,Distribution of population (%),2440,267,0.614,0.121,0.006,0.152,0.032,0.076,Large central metro,
07/08/2020,MO,St. Louis County,2,29,189,29189,Distribution of all-cause deaths (%),5609,511,0.758,0.222,0,0.01,0.003,0.007,Large fringe metro,Data based on counts less than 10 suppressed
07/08/2020,MO,St. Louis County,2,29,189,29189,Distribution of COVID-19 deaths (%),5609,511,0.614,0.366,0,0,0,0,Large fringe metro,Data based on counts less than 10 suppressed
07/08/2020,MO,St. Louis County,2,29,189,29189,Distribution of population (%),5609,511,0.656,0.247,0.002,0.045,0.021,0.03,Large fringe metro,
07/08/2020,MO,St. Louis city,1,29,510,29510,Distribution of all-cause deaths (%),1978,137,0.512,0.457,0,0.008,0.007,0.016,Large central metro,Data based on counts less than 10 suppressed
07/08/2020,MO,St. Louis city,1,29,510,29510,Distribution of COVID-19 deaths (%),1978,137,0.299,0.657,0,0,0,0,Large central metro,Data based on counts less than 10 suppressed
07/08/2020,MO,St. Louis city,1,29,510,29510,Distribution of population (%),1978,137,0.443,0.456,0.002,0.034,0.024,0.041,Large central metro,
07/08/2020,MS,Hinds County,3,28,49,28049,Distribution of all-cause deaths (%),1939,163,0.436,0.529,0.022,0,0,0.007,Medium metro,Data based on counts less than 10 suppressed
07/08/2020,MS,Hinds County,3,28,49,28049,Distribution of COVID-19 deaths (%),1939,163,0.215,0.552,0.202,0,0,0,Medium metro,Data based on counts less than 10 suppressed
07/08/2020,MS,Hinds County,3,28,49,28049,Distribution of population (%),1939,163,0.242,0.724,0.001,0.008,0.009,0.016,Medium metro,
07/08/2020,MS,Lauderdale County,5,28,75,28075,Distribution of all-cause deaths (%),676,143,0.518,0.416,0.058,0,0,0,Micropolitan,Data based on counts less than 10 suppressed
07/08/2020,MS,Lauderdale County,5,28,75,28075,Distribution of COVID-19 deaths (%),676,143,0.259,0.559,0.168,0,0,0,Micropolitan,Data based on counts less than 10 suppressed
07/08/2020,MS,Lauderdale County,5,28,75,28075,Distribution of population (%),676,143,0.521,0.438,0.002,0.008,0.009,0.022,Micropolitan,
07/08/2020,NH,Hillsborough County,3,33,11,33011,Distribution of all-cause deaths (%),1780,246,0.958,0.012,0,0.008,0,0.017,Medium metro,Data based on counts less than 10 suppressed
07/08/2020,NH,Hillsborough County,3,33,11,33011,Distribution of COVID-19 deaths (%),1780,246,0.927,0,0,0,0,0,Medium metro,Data based on counts less than 10 suppressed
07/08/2020,NH,Hillsborough County,3,33,11,33011,Distribution of population (%),1780,246,0.841,0.025,0.002,0.044,0.018,0.07,Medium metro,
07/08/2020,NJ,Atlantic County,3,34,1,34001,Distribution of all-cause deaths (%),1418,171,0.736,0.162,0,0.028,0,0.071,Medium metro,Data based on counts less than 10 suppressed
07/08/2020,NJ,Atlantic County,3,34,1,34001,Distribution of COVID-19 deaths (%),1418,171,0.678,0.17,0,0,0,0.111,Medium metro,Data based on counts less than 10 suppressed
07/08/2020,NJ,Atlantic County,3,34,1,34001,Distribution of population (%),1418,171,0.559,0.146,0.002,0.081,0.02,0.192,Medium metro,
07/08/2020,NJ,Bergen County,2,34,3,34003,Distribution of all-cause deaths (%),5583,1929,0.723,0.067,0,0.079,0.003,0.127,Large fringe metro,Data based on counts less than 10 suppressed
07/08/2020,NJ,Bergen County,2,34,3,34003,Distribution of COVID-19 deaths (%),5583,1929,0.637,0.078,0,0.099,0,0.182,Large fringe metro,Data based on counts less than 10 suppressed
07/08/2020,NJ,Bergen County,2,34,3,34003,Distribution of population (%),5583,1929,0.557,0.055,0.001,0.167,0.015,0.206,Large fringe metro,
07/08/2020,NJ,Burlington County,2,34,5,34005,Distribution of all-cause deaths (%),1880,356,0.755,0.187,0,0.027,0,0.027,Large fringe metro,Data based on counts less than 10 suppressed
07/08/2020,NJ,Burlington County,2,34,5,34005,Distribution of COVID-19 deaths (%),1880,356,0.725,0.205,0,0,0,0.045,Large fringe metro,Data based on counts less than 10 suppressed
07/08/2020,NJ,Burlington County,2,34,5,34005,Distribution of population (%),1880,356,0.67,0.167,0.002,0.052,0.025,0.083,Large fringe metro,
07/08/2020,NJ,Camden County,2,34,7,34007,Distribution of all-cause deaths (%),3109,478,0.708,0.19,0,0.022,0.004,0.075,Large fringe metro,Data based on counts less than 10 suppressed
07/08/2020,NJ,Camden County,2,34,7,34007,Distribution of COVID-19 deaths (%),3109,478,0.609,0.224,0,0.046,0,0.115,Large fringe metro,Data based on counts less than 10 suppressed
07/08/2020,NJ,Camden County,2,34,7,34007,Distribution of population (%),3109,478,0.563,0.186,0.002,0.059,0.018,0.172,Large fringe metro,
07/08/2020,NJ,Cumberland County,4,34,11,34011,Distribution of all-cause deaths (%),788,104,0.66,0.154,0.016,0.014,0,0.152,Small metro,Data based on counts less than 10 suppressed
07/08/2020,NJ,Cumberland County,4,34,11,34011,Distribution of COVID-19 deaths (%),788,104,0.577,0.135,0,0,0,0.26,Small metro,Data based on counts less than 10 suppressed
07/08/2020,NJ,Cumberland County,4,34,11,34011,Distribution of population (%),788,104,0.459,0.186,0.007,0.013,0.021,0.314,Small metro,
07/08/2020,NJ,Essex County,1,34,13,34013,Distribution of all-cause deaths (%),5208,1870,0.361,0.444,0,0.035,0.002,0.157,Large central metro,Data based on counts less than 10 suppressed
07/08/2020,NJ,Essex County,1,34,13,34013,Distribution of COVID-19 deaths (%),5208,1870,0.287,0.47,0,0.045,0,0.193,Large central metro,Data based on counts less than 10 suppressed
07/08/2020,NJ,Essex County,1,34,13,34013,Distribution of population (%),5208,1870,0.305,0.386,0.002,0.056,0.015,0.235,Large central metro,
07/08/2020,NJ,Gloucester County,2,34,15,34015,Distribution of all-cause deaths (%),1312,166,0.842,0.105,0,0.017,0,0.028,Large fringe metro,Data based on counts less than 10 suppressed
07/08/2020,NJ,Gloucester County,2,34,15,34015,Distribution of COVID-19 deaths (%),1312,166,0.747,0.175,0,0,0,0,Large fringe metro,Data based on counts less than 10 suppressed
07/08/2020,NJ,Gloucester County,2,34,15,34015,Distribution of population (%),1312,166,0.781,0.104,0.001,0.03,0.019,0.064,Large fringe metro,
07/08/2020,NJ,Hudson County,1,34,17,34017,Distribution of all-cause deaths (%),2745,1014,0.311,0.157,0,0.081,0.004,0.446,Large central metro,Data based on counts less than 10 suppressed
07/08/2020,NJ,Hudson County,1,34,17,34017,Distribution of COVID-19 deaths (%),2745,1014,0.221,0.119,0,0.087,0,0.569,Large central metro,Data based on counts less than 10 suppressed
07/08/2020,NJ,Hudson County,1,34,17,34017,Distribution of population (%),2745,1014,0.288,0.107,0.001,0.16,0.014,0.429,Large central metro,
07/08/2020,NJ,Hunterdon County,2,34,19,34019,Distribution of all-cause deaths (%),485,114,0.926,0,0,0.029,0,0.027,Large fringe metro,Data based on counts less than 10 suppressed
07/08/2020,NJ,Hunterdon County,2,34,19,34019,Distribution of COVID-19 deaths (%),485,114,0.868,0,0,0.088,0,0,Large fringe metro,Data based on counts less than 10 suppressed
07/08/2020,NJ,Hunterdon County,2,34,19,34019,Distribution of population (%),485,114,0.851,0.025,0.001,0.041,0.014,0.068,Large fringe metro,
07/08/2020,NJ,Mercer County,3,34,21,34021,Distribution of all-cause deaths (%),1729,469,0.636,0.242,0,0.038,0,0.082,Medium metro,Data based on counts less than 10 suppressed
07/08/2020,NJ,Mercer County,3,34,21,34021,Distribution of COVID-19 deaths (%),1729,469,0.527,0.294,0,0.045,0,0.132,Medium metro,Data based on counts less than 10 suppressed
07/08/2020,NJ,Mercer County,3,34,21,34021,Distribution of population (%),1729,469,0.488,0.196,0.002,0.115,0.019,0.181,Medium metro,
07/08/2020,NJ,Middlesex County,2,34,23,34023,Distribution of all-cause deaths (%),4444,1346,0.617,0.126,0,0.112,0.004,0.142,Large fringe metro,Data based on counts less than 10 suppressed
07/08/2020,NJ,Middlesex County,2,34,23,34023,Distribution of COVID-19 deaths (%),4444,1346,0.487,0.138,0,0.134,0,0.236,Large fringe metro,Data based on counts less than 10 suppressed
07/08/2020,NJ,Middlesex County,2,34,23,34023,Distribution of population (%),4444,1346,0.423,0.097,0.002,0.248,0.015,0.216,Large fringe metro,
07/08/2020,NJ,Monmouth County,2,34,25,34025,Distribution of all-cause deaths (%),3589,767,0.831,0.081,0,0.031,0.004,0.052,Large fringe metro,Data based on counts less than 10 suppressed
07/08/2020,NJ,Monmouth County,2,34,25,34025,Distribution of COVID-19 deaths (%),3589,767,0.78,0.085,0,0.047,0,0.078,Large fringe metro,Data based on counts less than 10 suppressed
07/08/2020,NJ,Monmouth County,2,34,25,34025,Distribution of population (%),3589,767,0.75,0.068,0.001,0.056,0.015,0.111,Large fringe metro,
07/08/2020,NJ,Morris County,2,34,27,34027,Distribution of all-cause deaths (%),3178,924,0.835,0.054,0,0.036,0,0.072,Large fringe metro,Data based on counts less than 10 suppressed
07/08/2020,NJ,Morris County,2,34,27,34027,Distribution of COVID-19 deaths (%),3178,924,0.75,0.073,0,0.048,0,0.127,Large fringe metro,Data based on counts less than 10 suppressed
07/08/2020,NJ,Morris County,2,34,27,34027,Distribution of population (%),3178,924,0.708,0.032,0.001,0.106,0.016,0.137,Large fringe metro,
07/08/2020,NJ,Ocean County,2,34,29,34029,Distribution of all-cause deaths (%),3841,742,0.917,0.026,0,0.009,0,0.046,Large fringe metro,Data based on counts less than 10 suppressed
07/08/2020,NJ,Ocean County,2,34,29,34029,Distribution of COVID-19 deaths (%),3841,742,0.849,0.038,0,0.016,0,0.094,Large fringe metro,Data based on counts less than 10 suppressed
07/08/2020,NJ,Ocean County,2,34,29,34029,Distribution of population (%),3841,742,0.844,0.03,0.001,0.019,0.011,0.095,Large fringe metro,
07/08/2020,NJ,Passaic County,2,34,31,34031,Distribution of all-cause deaths (%),2595,896,0.532,0.15,0,0.033,0,0.282,Large fringe metro,Data based on counts less than 10 suppressed
07/08/2020,NJ,Passaic County,2,34,31,34031,Distribution of COVID-19 deaths (%),2595,896,0.41,0.136,0,0.044,0,0.407,Large fringe metro,Data based on counts less than 10 suppressed
07/08/2020,NJ,Passaic County,2,34,31,34031,Distribution of population (%),2595,896,0.408,0.102,0.001,0.054,0.012,0.423,Large fringe metro,
07/08/2020,NJ,Somerset County,2,34,35,34035,Distribution of all-cause deaths (%),1424,359,0.798,0.093,0,0.053,0,0.054,Large fringe metro,Data based on counts less than 10 suppressed
07/08/2020,NJ,Somerset County,2,34,35,34035,Distribution of COVID-19 deaths (%),1424,359,0.713,0.123,0,0.047,0,0.117,Large fringe metro,Data based on counts less than 10 suppressed
07/08/2020,NJ,Somerset County,2,34,35,34035,Distribution of population (%),1424,359,0.555,0.094,0.001,0.184,0.016,0.15,Large fringe metro,
07/08/2020,NJ,Sussex County,2,34,37,34037,Distribution of all-cause deaths (%),662,152,0.882,0.054,0,0.015,0,0.045,Large fringe metro,Data based on counts less than 10 suppressed
07/08/2020,NJ,Sussex County,2,34,37,34037,Distribution of COVID-19 deaths (%),662,152,0.776,0.132,0,0,0,0.079,Large fringe metro,Data based on counts less than 10 suppressed
07/08/2020,NJ,Sussex County,2,34,37,34037,Distribution of population (%),662,152,0.858,0.021,0.001,0.019,0.014,0.086,Large fringe metro,
07/08/2020,NJ,Union County,1,34,39,34039,Distribution of all-cause deaths (%),2927,931,0.519,0.256,0,0.03,0,0.193,Large central metro,Data based on counts less than 10 suppressed
07/08/2020,NJ,Union County,1,34,39,34039,Distribution of COVID-19 deaths (%),2927,931,0.394,0.28,0,0.045,0,0.277,Large central metro,Data based on counts less than 10 suppressed
07/08/2020,NJ,Union County,1,34,39,34039,Distribution of population (%),2927,931,0.398,0.209,0.001,0.055,0.014,0.323,Large central metro,
07/08/2020,NJ,Warren County,3,34,41,34041,Distribution of all-cause deaths (%),532,130,0.904,0.034,0,0,0,0.051,Medium metro,Data based on counts less than 10 suppressed
07/08/2020,NJ,Warren County,3,34,41,34041,Distribution of COVID-19 deaths (%),532,130,0.885,0,0,0,0,0,Medium metro,Data based on counts less than 10 suppressed
07/08/2020,NJ,Warren County,3,34,41,34041,Distribution of population (%),532,130,0.811,0.048,0.001,0.029,0.014,0.097,Medium metro,
07/08/2020,NM,Bernalillo County,3,35,1,35001,Distribution of all-cause deaths (%),3082,168,0.488,0.026,0.094,0.014,0.005,0.374,Medium metro,
07/08/2020,NM,Bernalillo County,3,35,1,35001,Distribution of COVID-19 deaths (%),3082,168,0.321,0,0.5,0,0,0.173,Medium metro,Data based on counts less than 10 suppressed
07/08/2020,NM,Bernalillo County,3,35,1,35001,Distribution of population (%),3082,168,0.385,0.025,0.043,0.026,0.018,0.503,Medium metro,
07/08/2020,NM,San Juan County,4,35,45,35045,Distribution of all-cause deaths (%),552,126,0.5,0,0.388,0,0,0.096,Small metro,Data based on counts less than 10 suppressed
07/08/2020,NM,San Juan County,4,35,45,35045,Distribution of COVID-19 deaths (%),552,126,0.381,0,0.516,0,0,0.079,Small metro,Data based on counts less than 10 suppressed
07/08/2020,NM,San Juan County,4,35,45,35045,Distribution of population (%),552,126,0.38,0.006,0.383,0.005,0.021,0.205,Small metro,
07/08/2020,NV,Clark County,1,32,3,32003,Distribution of all-cause deaths (%),8056,381,0.662,0.132,0.004,0.072,0.017,0.112,Large central metro,
07/08/2020,NV,Clark County,1,32,3,32003,Distribution of COVID-19 deaths (%),8056,381,0.438,0.176,0,0.165,0,0.207,Large central metro,Data based on counts less than 10 suppressed
07/08/2020,NV,Clark County,1,32,3,32003,Distribution of population (%),8056,381,0.422,0.117,0.005,0.099,0.044,0.314,Large central metro,
07/08/2020,NY,Albany County,3,36,1,36001,Distribution of all-cause deaths (%),1773,173,0.84,0.115,0,0.015,0,0.024,Medium metro,Data based on counts less than 10 suppressed
07/08/2020,NY,Albany County,3,36,1,36001,Distribution of COVID-19 deaths (%),1773,173,0.78,0.139,0,0,0,0,Medium metro,Data based on counts less than 10 suppressed
07/08/2020,NY,Albany County,3,36,1,36001,Distribution of population (%),1773,173,0.718,0.128,0.001,0.067,0.024,0.061,Medium metro,
07/08/2020,NY,Bronx County,1,36,5,36005,Distribution of all-cause deaths (%),10073,4002,0.203,0.328,0,0.029,0.05,0.39,Large central metro,Data based on counts less than 10 suppressed
07/08/2020,NY,Bronx County,1,36,5,36005,Distribution of COVID-19 deaths (%),10073,4002,0.137,0.322,0,0.032,0.053,0.455,Large central metro,Data based on counts less than 10 suppressed
07/08/2020,NY,Bronx County,1,36,5,36005,Distribution of population (%),10073,4002,0.091,0.292,0.003,0.04,0.01,0.564,Large central metro,
07/08/2020,NY,Dutchess County,2,36,27,36027,Distribution of all-cause deaths (%),1336,186,0.844,0.098,0,0.01,0,0.046,Large fringe metro,Data based on counts less than 10 suppressed
07/08/2020,NY,Dutchess County,2,36,27,36027,Distribution of COVID-19 deaths (%),1336,186,0.72,0.172,0,0,0,0.097,Large fringe metro,Data based on counts less than 10 suppressed
07/08/2020,NY,Dutchess County,2,36,27,36027,Distribution of population (%),1336,186,0.712,0.105,0.002,0.037,0.02,0.125,Large fringe metro,
07/08/2020,NY,Erie County,1,36,29,36029,Distribution of all-cause deaths (%),5120,646,0.823,0.132,0.005,0.011,0.003,0.027,Large central metro,
07/08/2020,NY,Erie County,1,36,29,36029,Distribution of COVID-19 deaths (%),5120,646,0.796,0.153,0,0,0,0.031,Large central metro,Data based on counts less than 10 suppressed
07/08/2020,NY,Erie County,1,36,29,36029,Distribution of population (%),5120,646,0.752,0.131,0.006,0.037,0.018,0.057,Large central metro,
07/08/2020,NY,Kings County,1,36,47,36047,Distribution of all-cause deaths (%),13719,5584,0.341,0.39,0,0.076,0.034,0.158,Large central metro,Data based on counts less than 10 suppressed
07/08/2020,NY,Kings County,1,36,47,36047,Distribution of COVID-19 deaths (%),13719,5584,0.295,0.409,0,0.073,0.034,0.189,Large central metro,Data based on counts less than 10 suppressed
07/08/2020,NY,Kings County,1,36,47,36047,Distribution of population (%),13719,5584,0.364,0.299,0.002,0.125,0.019,0.191,Large central metro,
07/08/2020,NY,Monroe County,1,36,55,36055,Distribution of all-cause deaths (%),3685,287,0.824,0.12,0,0.011,0.003,0.04,Large central metro,Data based on counts less than 10 suppressed
07/08/2020,NY,Monroe County,1,36,55,36055,Distribution of COVID-19 deaths (%),3685,287,0.774,0.157,0,0,0,0.045,Large central metro,Data based on counts less than 10 suppressed
07/08/2020,NY,Monroe County,1,36,55,36055,Distribution of population (%),3685,287,0.703,0.146,0.002,0.036,0.022,0.09,Large central metro,
07/08/2020,NY,Nassau County,2,36,59,36059,Distribution of all-cause deaths (%),8638,2927,0.68,0.157,0,0.054,0.008,0.1,Large fringe metro,Data based on counts less than 10 suppressed
07/08/2020,NY,Nassau County,2,36,59,36059,Distribution of COVID-19 deaths (%),8638,2927,0.551,0.206,0,0.071,0.009,0.163,Large fringe metro,Data based on counts less than 10 suppressed
07/08/2020,NY,Nassau County,2,36,59,36059,Distribution of population (%),8638,2927,0.593,0.116,0.001,0.103,0.014,0.172,Large fringe metro,
07/08/2020,NY,New York County,1,36,61,36061,Distribution of all-cause deaths (%),10033,3669,0.38,0.211,0,0.082,0.047,0.28,Large central metro,Data based on counts less than 10 suppressed
07/08/2020,NY,New York County,1,36,61,36061,Distribution of COVID-19 deaths (%),10033,3669,0.303,0.219,0,0.086,0.05,0.343,Large central metro,Data based on counts less than 10 suppressed
07/08/2020,NY,New York County,1,36,61,36061,Distribution of population (%),10033,3669,0.47,0.125,0.001,0.125,0.021,0.259,Large central metro,
07/08/2020,NY,Onondaga County,3,36,67,36067,Distribution of all-cause deaths (%),2528,196,0.873,0.087,0.006,0.009,0.006,0.019,Medium metro,
07/08/2020,NY,Onondaga County,3,36,67,36067,Distribution of COVID-19 deaths (%),2528,196,0.76,0.138,0,0.051,0,0,Medium metro,Data based on counts less than 10 suppressed
07/08/2020,NY,Onondaga County,3,36,67,36067,Distribution of population (%),2528,196,0.766,0.109,0.007,0.038,0.028,0.051,Medium metro,
07/08/2020,NY,Orange County,2,36,71,36071,Distribution of all-cause deaths (%),1684,456,0.755,0.102,0,0.014,0.006,0.122,Large fringe metro,Data based on counts less than 10 suppressed
07/08/2020,NY,Orange County,2,36,71,36071,Distribution of COVID-19 deaths (%),1684,456,0.592,0.164,0,0,0,0.215,Large fringe metro,Data based on counts less than 10 suppressed
07/08/2020,NY,Orange County,2,36,71,36071,Distribution of population (%),1684,456,0.635,0.104,0.003,0.028,0.021,0.21,Large fringe metro,
07/08/2020,NY,Queens County,1,36,81,36081,Distribution of all-cause deaths (%),12137,5016,0.342,0.22,0,0.183,0.044,0.21,Large central metro,Data based on counts less than 10 suppressed
07/08/2020,NY,Queens County,1,36,81,36081,Distribution of COVID-19 deaths (%),12137,5016,0.258,0.224,0,0.183,0.047,0.286,Large central metro,Data based on counts less than 10 suppressed
07/08/2020,NY,Queens County,1,36,81,36081,Distribution of population (%),12137,5016,0.25,0.18,0.003,0.264,0.022,0.281,Large central metro,
07/08/2020,NY,Richmond County,1,36,85,36085,Distribution of all-cause deaths (%),2671,874,0.701,0.11,0,0.053,0.046,0.09,Large central metro,Data based on counts less than 10 suppressed
07/08/2020,NY,Richmond County,1,36,85,36085,Distribution of COVID-19 deaths (%),2671,874,0.619,0.142,0,0.062,0.051,0.126,Large central metro,Data based on counts less than 10 suppressed
07/08/2020,NY,Richmond County,1,36,85,36085,Distribution of population (%),2671,874,0.603,0.094,0.001,0.099,0.015,0.187,Large central metro,
07/08/2020,NY,Rockland County,2,36,87,36087,Distribution of all-cause deaths (%),1682,620,0.658,0.163,0,0.047,0,0.127,Large fringe metro,Data based on counts less than 10 suppressed
07/08/2020,NY,Rockland County,2,36,87,36087,Distribution of COVID-19 deaths (%),1682,620,0.556,0.219,0,0.055,0,0.166,Large fringe metro,Data based on counts less than 10 suppressed
07/08/2020,NY,Rockland County,2,36,87,36087,Distribution of population (%),1682,620,0.628,0.114,0.001,0.061,0.014,0.181,Large fringe metro,
07/08/2020,NY,Suffolk County,2,36,103,36103,Distribution of all-cause deaths (%),8182,2490,0.787,0.078,0.001,0.02,0.005,0.109,Large fringe metro,
07/08/2020,NY,Suffolk County,2,36,103,36103,Distribution of COVID-19 deaths (%),8182,2490,0.66,0.106,0,0.028,0.006,0.199,Large fringe metro,Data based on counts less than 10 suppressed
07/08/2020,NY,Suffolk County,2,36,103,36103,Distribution of population (%),8182,2490,0.672,0.074,0.002,0.04,0.014,0.198,Large fringe metro,
07/08/2020,NY,Westchester County,2,36,119,36119,Distribution of all-cause deaths (%),5120,1717,0.658,0.162,0,0.028,0.006,0.146,Large fringe metro,Data based on counts less than 10 suppressed
07/08/2020,NY,Westchester County,2,36,119,36119,Distribution of COVID-19 deaths (%),5120,1717,0.568,0.182,0,0.03,0.006,0.214,Large fringe metro,Data based on counts less than 10 suppressed
07/08/2020,NY,Westchester County,2,36,119,36119,Distribution of population (%),5120,1717,0.531,0.138,0.001,0.062,0.016,0.251,Large fringe metro,
07/08/2020,OH,Cuyahoga County,1,39,35,39035,Distribution of all-cause deaths (%),6917,337,0.709,0.259,0,0.009,0,0.021,Large central metro,Data based on counts less than 10 suppressed
07/08/2020,OH,Cuyahoga County,1,39,35,39035,Distribution of COVID-19 deaths (%),6917,337,0.685,0.282,0,0,0,0,Large central metro,Data based on counts less than 10 suppressed
07/08/2020,OH,Cuyahoga County,1,39,35,39035,Distribution of population (%),6917,337,0.588,0.296,0.002,0.033,0.02,0.062,Large central metro,
07/08/2020,OH,Franklin County,1,39,49,39049,Distribution of all-cause deaths (%),5982,396,0.772,0.193,0,0.018,0.006,0.011,Large central metro,Data based on counts less than 10 suppressed
07/08/2020,OH,Franklin County,1,39,49,39049,Distribution of COVID-19 deaths (%),5982,396,0.694,0.247,0,0.04,0,0,Large central metro,Data based on counts less than 10 suppressed
07/08/2020,OH,Franklin County,1,39,49,39049,Distribution of population (%),5982,396,0.626,0.229,0.002,0.056,0.03,0.057,Large central metro,
07/08/2020,OH,Hamilton County,1,39,61,39061,Distribution of all-cause deaths (%),4139,151,0.772,0.209,0,0.01,0,0.006,Large central metro,Data based on counts less than 10 suppressed
07/08/2020,OH,Hamilton County,1,39,61,39061,Distribution of COVID-19 deaths (%),4139,151,0.682,0.291,0,0,0,0,Large central metro,Data based on counts less than 10 suppressed
07/08/2020,OH,Hamilton County,1,39,61,39061,Distribution of population (%),4139,151,0.65,0.262,0.001,0.028,0.024,0.035,Large central metro,
07/08/2020,OH,Lucas County,3,39,95,39095,Distribution of all-cause deaths (%),2621,299,0.795,0.165,0,0,0,0.032,Medium metro,Data based on counts less than 10 suppressed
07/08/2020,OH,Lucas County,3,39,95,39095,Distribution of COVID-19 deaths (%),2621,299,0.739,0.214,0,0,0,0.04,Medium metro,Data based on counts less than 10 suppressed
07/08/2020,OH,Lucas County,3,39,95,39095,Distribution of population (%),2621,299,0.684,0.196,0.002,0.017,0.028,0.073,Medium metro,
07/08/2020,OH,Mahoning County,3,39,99,39099,Distribution of all-cause deaths (%),1674,203,0.849,0.124,0,0,0,0.022,Medium metro,Data based on counts less than 10 suppressed
07/08/2020,OH,Mahoning County,3,39,99,39099,Distribution of COVID-19 deaths (%),1674,203,0.842,0.143,0,0,0,0,Medium metro,Data based on counts less than 10 suppressed
07/08/2020,OH,Mahoning County,3,39,99,39099,Distribution of population (%),1674,203,0.756,0.151,0.002,0.009,0.02,0.064,Medium metro,
07/08/2020,OH,Stark County,3,39,151,39151,Distribution of all-cause deaths (%),2065,105,0.924,0.066,0,0,0.005,0,Medium metro,Data based on counts less than 10 suppressed
07/08/2020,OH,Stark County,3,39,151,39151,Distribution of COVID-19 deaths (%),2065,105,0.933,0,0,0,0,0,Medium metro,Data based on counts less than 10 suppressed
07/08/2020,OH,Stark County,3,39,151,39151,Distribution of population (%),2065,105,0.863,0.078,0.002,0.01,0.025,0.022,Medium metro,
07/08/2020,OH,Summit County,3,39,153,39153,Distribution of all-cause deaths (%),2729,166,0.84,0.143,0,0.008,0,0.004,Medium metro,Data based on counts less than 10 suppressed
07/08/2020,OH,Summit County,3,39,153,39153,Distribution of COVID-19 deaths (%),2729,166,0.765,0.217,0,0,0,0,Medium metro,Data based on counts less than 10 suppressed
07/08/2020,OH,Summit County,3,39,153,39153,Distribution of population (%),2729,166,0.766,0.148,0.002,0.038,0.024,0.022,Medium metro,
07/08/2020,OK,Tulsa County,3,40,143,40143,Distribution of all-cause deaths (%),3447,106,0.768,0.086,0.078,0.008,0.034,0.025,Medium metro,
07/08/2020,OK,Tulsa County,3,40,143,40143,Distribution of COVID-19 deaths (%),3447,106,0.689,0,0.142,0,0,0,Medium metro,Data based on counts less than 10 suppressed
07/08/2020,OK,Tulsa County,3,40,143,40143,Distribution of population (%),3447,106,0.616,0.104,0.06,0.034,0.056,0.13,Medium metro,
07/08/2020,PA,Allegheny County,1,42,3,42003,Distribution of all-cause deaths (%),6648,206,0.861,0.12,0,0.008,0.004,0.006,Large central metro,Data based on counts less than 10 suppressed
07/08/2020,PA,Allegheny County,1,42,3,42003,Distribution of COVID-19 deaths (%),6648,206,0.762,0.228,0,0,0,0,Large central metro,Data based on counts less than 10 suppressed
07/08/2020,PA,Allegheny County,1,42,3,42003,Distribution of population (%),6648,206,0.784,0.132,0.001,0.041,0.021,0.022,Large central metro,
07/08/2020,PA,Berks County,3,42,11,42011,Distribution of all-cause deaths (%),1852,326,0.86,0.037,0,0.008,0,0.094,Medium metro,Data based on counts less than 10 suppressed
07/08/2020,PA,Berks County,3,42,11,42011,Distribution of COVID-19 deaths (%),1852,326,0.764,0.049,0,0,0,0.172,Medium metro,Data based on counts less than 10 suppressed
07/08/2020,PA,Berks County,3,42,11,42011,Distribution of population (%),1852,326,0.709,0.042,0.001,0.015,0.014,0.219,Medium metro,
07/08/2020,PA,Bucks County,2,42,17,42017,Distribution of all-cause deaths (%),3042,517,0.925,0.036,0,0.019,0,0.019,Large fringe metro,Data based on counts less than 10 suppressed
07/08/2020,PA,Bucks County,2,42,17,42017,Distribution of COVID-19 deaths (%),3042,517,0.903,0.048,0,0.019,0,0.029,Large fringe metro,Data based on counts less than 10 suppressed
07/08/2020,PA,Bucks County,2,42,17,42017,Distribution of population (%),3042,517,0.838,0.04,0.001,0.051,0.016,0.055,Large fringe metro,
07/08/2020,PA,Chester County,2,42,29,42029,Distribution of all-cause deaths (%),2079,366,0.892,0.073,0,0.014,0.005,0.016,Large fringe metro,Data based on counts less than 10 suppressed
07/08/2020,PA,Chester County,2,42,29,42029,Distribution of COVID-19 deaths (%),2079,366,0.833,0.12,0,0,0,0,Large fringe metro,Data based on counts less than 10 suppressed
07/08/2020,PA,Chester County,2,42,29,42029,Distribution of population (%),2079,366,0.791,0.057,0.001,0.058,0.017,0.076,Large fringe metro,
07/08/2020,PA,Dauphin County,3,42,43,42043,Distribution of all-cause deaths (%),1450,136,0.808,0.123,0,0.019,0,0.042,Medium metro,Data based on counts less than 10 suppressed
07/08/2020,PA,Dauphin County,3,42,43,42043,Distribution of COVID-19 deaths (%),1450,136,0.699,0.228,0,0,0,0,Medium metro,Data based on counts less than 10 suppressed
07/08/2020,PA,Dauphin County,3,42,43,42043,Distribution of population (%),1450,136,0.651,0.174,0.002,0.049,0.028,0.096,Medium metro,
07/08/2020,PA,Delaware County,2,42,45,42045,Distribution of all-cause deaths (%),2666,649,0.754,0.213,0,0.017,0,0.014,Large fringe metro,Data based on counts less than 10 suppressed
07/08/2020,PA,Delaware County,2,42,45,42045,Distribution of COVID-19 deaths (%),2666,649,0.704,0.262,0,0.018,0,0.015,Large fringe metro,Data based on counts less than 10 suppressed
07/08/2020,PA,Delaware County,2,42,45,42045,Distribution of population (%),2666,649,0.663,0.216,0.001,0.06,0.02,0.039,Large fringe metro,
07/08/2020,PA,Lackawanna County,3,42,69,42069,Distribution of all-cause deaths (%),1309,221,0.955,0.021,0,0,0,0.02,Medium metro,Data based on counts less than 10 suppressed
07/08/2020,PA,Lackawanna County,3,42,69,42069,Distribution of COVID-19 deaths (%),1309,221,0.959,0,0,0,0,0,Medium metro,Data based on counts less than 10 suppressed
07/08/2020,PA,Lackawanna County,3,42,69,42069,Distribution of population (%),1309,221,0.843,0.029,0.001,0.031,0.015,0.081,Medium metro,
07/08/2020,PA,Lancaster County,3,42,71,42071,Distribution of all-cause deaths (%),2540,342,0.929,0.021,0,0.008,0.004,0.036,Medium metro,Data based on counts less than 10 suppressed
07/08/2020,PA,Lancaster County,3,42,71,42071,Distribution of COVID-19 deaths (%),2540,342,0.898,0,0,0,0,0.058,Medium metro,Data based on counts less than 10 suppressed
07/08/2020,PA,Lancaster County,3,42,71,42071,Distribution of population (%),2540,342,0.816,0.036,0.001,0.024,0.015,0.108,Medium metro,
07/08/2020,PA,Lehigh County,3,42,77,42077,Distribution of all-cause deaths (%),2293,413,0.858,0.045,0,0.01,0,0.083,Medium metro,Data based on counts less than 10 suppressed
07/08/2020,PA,Lehigh County,3,42,77,42077,Distribution of COVID-19 deaths (%),2293,413,0.772,0.061,0,0,0,0.155,Medium metro,Data based on counts less than 10 suppressed
07/08/2020,PA,Lehigh County,3,42,77,42077,Distribution of population (%),2293,413,0.634,0.058,0.001,0.036,0.016,0.254,Medium metro,
07/08/2020,PA,Luzerne County,3,42,79,42079,Distribution of all-cause deaths (%),1640,172,0.94,0.026,0,0,0,0.03,Medium metro,Data based on counts less than 10 suppressed
07/08/2020,PA,Luzerne County,3,42,79,42079,Distribution of COVID-19 deaths (%),1640,172,0.872,0,0,0,0,0.099,Medium metro,Data based on counts less than 10 suppressed
07/08/2020,PA,Luzerne County,3,42,79,42079,Distribution of population (%),1640,172,0.804,0.041,0.001,0.013,0.013,0.129,Medium metro,
07/08/2020,PA,Montgomery County,2,42,91,42091,Distribution of all-cause deaths (%),4443,1016,0.77,0.175,0,0.028,0.004,0.023,Large fringe metro,Data based on counts less than 10 suppressed
07/08/2020,PA,Montgomery County,2,42,91,42091,Distribution of COVID-19 deaths (%),4443,1016,0.635,0.287,0,0.038,0,0.035,Large fringe metro,Data based on counts less than 10 suppressed
07/08/2020,PA,Montgomery County,2,42,91,42091,Distribution of population (%),4443,1016,0.753,0.094,0.001,0.079,0.019,0.053,Large fringe metro,
07/08/2020,PA,Northampton County,3,42,95,42095,Distribution of all-cause deaths (%),1311,237,0.907,0.04,0,0,0,0.045,Medium metro,Data based on counts less than 10 suppressed
07/08/2020,PA,Northampton County,3,42,95,42095,Distribution of COVID-19 deaths (%),1311,237,0.869,0.059,0,0,0,0.055,Medium metro,Data based on counts less than 10 suppressed
07/08/2020,PA,Northampton County,3,42,95,42095,Distribution of population (%),1311,237,0.759,0.055,0.001,0.029,0.017,0.138,Medium metro,
07/08/2020,PA,Philadelphia County,1,42,101,42101,Distribution of all-cause deaths (%),7777,1394,0.439,0.448,0,0.034,0.003,0.076,Large central metro,Data based on counts less than 10 suppressed
07/08/2020,PA,Philadelphia County,1,42,101,42101,Distribution of COVID-19 deaths (%),7777,1394,0.351,0.513,0,0.044,0,0.088,Large central metro,Data based on counts less than 10 suppressed
07/08/2020,PA,Philadelphia County,1,42,101,42101,Distribution of population (%),7777,1394,0.344,0.407,0.002,0.076,0.02,0.152,Large central metro,
07/08/2020,RI,Providence County,1,44,7,44007,Distribution of all-cause deaths (%),3351,693,0.877,0.042,0,0.014,0.005,0.059,Large central metro,Data based on counts less than 10 suppressed
07/08/2020,RI,Providence County,1,44,7,44007,Distribution of COVID-19 deaths (%),3351,693,0.818,0.069,0,0.016,0,0.089,Large central metro,Data based on counts less than 10 suppressed
07/08/2020,RI,Providence County,1,44,7,44007,Distribution of population (%),3351,693,0.609,0.087,0.004,0.043,0.023,0.234,Large central metro,
07/08/2020,SC,Florence County,4,45,41,45041,Distribution of all-cause deaths (%),1271,104,0.575,0.414,0,0,0,0,Small metro,Data based on counts less than 10 suppressed
07/08/2020,SC,Florence County,4,45,41,45041,Distribution of COVID-19 deaths (%),1271,104,0.346,0.654,0,0,0,0,Small metro,Data based on counts less than 10 suppressed
07/08/2020,SC,Florence County,4,45,41,45041,Distribution of population (%),1271,104,0.515,0.427,0.003,0.015,0.013,0.027,Small metro,
07/08/2020,SC,Richland County,3,45,79,45079,Distribution of all-cause deaths (%),1824,113,0.514,0.456,0,0.009,0,0.017,Medium metro,Data based on counts less than 10 suppressed
07/08/2020,SC,Richland County,3,45,79,45079,Distribution of COVID-19 deaths (%),1824,113,0.425,0.54,0,0,0,0,Medium metro,Data based on counts less than 10 suppressed
07/08/2020,SC,Richland County,3,45,79,45079,Distribution of population (%),1824,113,0.421,0.473,0.003,0.029,0.022,0.052,Medium metro,
07/08/2020,TN,Davidson County,1,47,37,47037,Distribution of all-cause deaths (%),3634,116,0.747,0.209,0,0.012,0.004,0.026,Large central metro,Data based on counts less than 10 suppressed
07/08/2020,TN,Davidson County,1,47,37,47037,Distribution of COVID-19 deaths (%),3634,116,0.414,0.328,0,0,0,0.181,Large central metro,Data based on counts less than 10 suppressed
07/08/2020,TN,Davidson County,1,47,37,47037,Distribution of population (%),3634,116,0.562,0.271,0.002,0.038,0.022,0.104,Large central metro,
07/08/2020,TN,Shelby County,1,47,157,47157,Distribution of all-cause deaths (%),4695,150,0.489,0.479,0,0.008,0.003,0.02,Large central metro,Data based on counts less than 10 suppressed
07/08/2020,TN,Shelby County,1,47,157,47157,Distribution of COVID-19 deaths (%),4695,150,0.34,0.613,0,0,0,0,Large central metro,Data based on counts less than 10 suppressed
07/08/2020,TN,Shelby County,1,47,157,47157,Distribution of population (%),4695,150,0.356,0.536,0.002,0.027,0.014,0.065,Large central metro,
07/08/2020,TX,Bexar County,1,48,29,48029,Distribution of all-cause deaths (%),6441,137,0.439,0.076,0.002,0.012,0.003,0.468,Large central metro,
07/08/2020,TX,Bexar County,1,48,29,48029,Distribution of COVID-19 deaths (%),6441,137,0.219,0.124,0,0,0,0.613,Large central metro,Data based on counts less than 10 suppressed
07/08/2020,TX,Bexar County,1,48,29,48029,Distribution of population (%),6441,137,0.274,0.074,0.002,0.03,0.016,0.605,Large central metro,
07/08/2020,TX,Dallas County,1,48,113,48113,Distribution of all-cause deaths (%),7573,283,0.52,0.278,0.002,0.027,0.002,0.171,Large central metro,
07/08/2020,TX,Dallas County,1,48,113,48113,Distribution of COVID-19 deaths (%),7573,283,0.314,0.276,0,0,0,0.378,Large central metro,Data based on counts less than 10 suppressed
07/08/2020,TX,Dallas County,1,48,113,48113,Distribution of population (%),7573,283,0.286,0.226,0.003,0.066,0.014,0.405,Large central metro,
07/08/2020,TX,El Paso County,3,48,141,48141,Distribution of all-cause deaths (%),2713,138,0.208,0.022,0,0,0.004,0.759,Medium metro,Data based on counts less than 10 suppressed
07/08/2020,TX,El Paso County,3,48,141,48141,Distribution of COVID-19 deaths (%),2713,138,0.123,0,0,0,0,0.877,Medium metro,Data based on counts less than 10 suppressed
07/08/2020,TX,El Paso County,3,48,141,48141,Distribution of population (%),2713,138,0.116,0.031,0.003,0.011,0.01,0.83,Medium metro,
07/08/2020,TX,Harris County,1,48,201,48201,Distribution of all-cause deaths (%),13057,431,0.501,0.236,0.001,0.049,0.004,0.21,Large central metro,
07/08/2020,TX,Harris County,1,48,201,48201,Distribution of COVID-19 deaths (%),13057,431,0.262,0.267,0,0.079,0,0.387,Large central metro,Data based on counts less than 10 suppressed
07/08/2020,TX,Harris County,1,48,201,48201,Distribution of population (%),13057,431,0.291,0.188,0.002,0.072,0.014,0.433,Large central metro,
07/08/2020,TX,Tarrant County,1,48,439,48439,Distribution of all-cause deaths (%),6812,229,0.7,0.143,0,0.027,0.005,0.124,Large central metro,Data based on counts less than 10 suppressed
07/08/2020,TX,Tarrant County,1,48,439,48439,Distribution of COVID-19 deaths (%),6812,229,0.45,0.24,0,0,0,0.266,Large central metro,Data based on counts less than 10 suppressed
07/08/2020,TX,Tarrant County,1,48,439,48439,Distribution of population (%),6812,229,0.459,0.167,0.004,0.057,0.021,0.292,Large central metro,
07/08/2020,TX,Travis County,1,48,453,48453,Distribution of all-cause deaths (%),2956,110,0.666,0.113,0,0.024,0.005,0.19,Large central metro,Data based on counts less than 10 suppressed
07/08/2020,TX,Travis County,1,48,453,48453,Distribution of COVID-19 deaths (%),2956,110,0.427,0.136,0,0,0,0.409,Large central metro,Data based on counts less than 10 suppressed
07/08/2020,TX,Travis County,1,48,453,48453,Distribution of population (%),2956,110,0.488,0.08,0.002,0.07,0.02,0.339,Large central metro,
07/08/2020,UT,Salt Lake County,1,49,35,49035,Distribution of all-cause deaths (%),3384,115,0.848,0.011,0.011,0.02,0.022,0.088,Large central metro,
07/08/2020,UT,Salt Lake County,1,49,35,49035,Distribution of COVID-19 deaths (%),3384,115,0.591,0,0,0,0,0.27,Large central metro,Data based on counts less than 10 suppressed
07/08/2020,UT,Salt Lake County,1,49,35,49035,Distribution of population (%),3384,115,0.707,0.017,0.007,0.045,0.039,0.186,Large central metro,
07/08/2020,VA,Arlington County,1,51,13,51013,Distribution of all-cause deaths (%),708,145,0.612,0.201,0,0.088,0,0.096,Large central metro,Data based on counts less than 10 suppressed
07/08/2020,VA,Arlington County,1,51,13,51013,Distribution of COVID-19 deaths (%),708,145,0.476,0.248,0,0.097,0,0.179,Large central metro,Data based on counts less than 10 suppressed
07/08/2020,VA,Arlington County,1,51,13,51013,Distribution of population (%),708,145,0.612,0.09,0.002,0.109,0.029,0.158,Large central metro,
07/08/2020,VA,Fairfax County,2,51,59,51059,Distribution of all-cause deaths (%),2589,409,0.676,0.096,0,0.132,0.005,0.089,Large fringe metro,Data based on counts less than 10 suppressed
07/08/2020,VA,Fairfax County,2,51,59,51059,Distribution of COVID-19 deaths (%),2589,409,0.572,0.108,0,0.144,0,0.171,Large fringe metro,Data based on counts less than 10 suppressed
07/08/2020,VA,Fairfax County,2,51,59,51059,Distribution of population (%),2589,409,0.503,0.098,0.001,0.2,0.034,0.164,Large fringe metro,
07/08/2020,VA,Henrico County,2,51,87,51087,Distribution of all-cause deaths (%),1526,126,0.657,0.292,0,0.017,0.01,0.022,Large fringe metro,Data based on counts less than 10 suppressed
07/08/2020,VA,Henrico County,2,51,87,51087,Distribution of COVID-19 deaths (%),1526,126,0.532,0.413,0,0,0,0,Large fringe metro,Data based on counts less than 10 suppressed
07/08/2020,VA,Henrico County,2,51,87,51087,Distribution of population (%),1526,126,0.527,0.3,0.003,0.09,0.023,0.058,Large fringe metro,
07/08/2020,VA,Loudoun County,2,51,107,51107,Distribution of all-cause deaths (%),880,113,0.764,0.082,0,0.091,0,0.058,Large fringe metro,Data based on counts less than 10 suppressed
07/08/2020,VA,Loudoun County,2,51,107,51107,Distribution of COVID-19 deaths (%),880,113,0.752,0,0,0.115,0,0,Large fringe metro,Data based on counts less than 10 suppressed
07/08/2020,VA,Loudoun County,2,51,107,51107,Distribution of population (%),880,113,0.553,0.074,0.002,0.198,0.035,0.138,Large fringe metro,
07/08/2020,WA,King County,1,53,33,53033,Distribution of all-cause deaths (%),6177,547,0.752,0.063,0.012,0.103,0.023,0.047,Large central metro,
07/08/2020,WA,King County,1,53,33,53033,Distribution of COVID-19 deaths (%),6177,547,0.706,0.059,0,0.148,0,0.073,Large central metro,Data based on counts less than 10 suppressed
07/08/2020,WA,King County,1,53,33,53033,Distribution of population (%),6177,547,0.589,0.066,0.006,0.19,0.053,0.098,Large central metro,
07/08/2020,WA,Snohomish County,2,53,61,53061,Distribution of all-cause deaths (%),2396,135,0.867,0.02,0.013,0.052,0.02,0.029,Large fringe metro,
07/08/2020,WA,Snohomish County,2,53,61,53061,Distribution of COVID-19 deaths (%),2396,135,0.8,0,0,0.074,0,0,Large fringe metro,Data based on counts less than 10 suppressed
07/08/2020,WA,Snohomish County,2,53,61,53061,Distribution of population (%),2396,135,0.688,0.034,0.011,0.114,0.048,0.104,Large fringe metro,
07/08/2020,WA,Yakima County,4,53,77,53077,Distribution of all-cause deaths (%),964,101,0.725,0.01,0.061,0,0,0.186,Small metro,Data based on counts less than 10 suppressed
07/08/2020,WA,Yakima County,4,53,77,53077,Distribution of COVID-19 deaths (%),964,101,0.535,0,0,0,0,0.337,Small metro,Data based on counts less than 10 suppressed
07/08/2020,WA,Yakima County,4,53,77,53077,Distribution of population (%),964,101,0.427,0.008,0.036,0.012,0.018,0.499,Small metro,
07/08/2020,WI,Milwaukee County,1,55,79,55079,Distribution of all-cause deaths (%),4509,348,0.659,0.259,0.003,0.018,0.004,0.058,Large central metro,
07/08/2020,WI,Milwaukee County,1,55,79,55079,Distribution of COVID-19 deaths (%),4509,348,0.448,0.408,0,0,0,0.115,Large central metro,Data based on counts less than 10 suppressed
07/08/2020,WI,Milwaukee County,1,55,79,55079,Distribution of population (%),4509,348,0.51,0.262,0.006,0.046,0.023,0.154,Large central metro,
